{
    "name": "AutoIndex-PHP-Script",
    "author": "fofa",
    "version": "0.1.0",
    "matches": [
        {
            "search": "body",
            "text": "title=\"AutoIndex Default"
        },
        {
            "search": "headers",
            "text": "AutoIndex2"
        },
        {
            "search": "body",
            "text": "Powered by"
        },
        {
            "search": "body",
            "text": "autoindex.sourceforge.net/"
        }
    ],
    "condition": "0 or 1 or (2 and 3)"
}