{
    "name": "discuz",
    "author": "fofa",
    "version": "0.1.0",
    "matches": [
        {
            "search": "title",
            "regexp": "Powered by Discuz"
        },
        {
            "search": "body",
            "text": "content=\"Discuz"
        },
        {
            "search": "body",
            "text": "discuz_uid"
        },
        {
            "search": "body",
            "text": "portal.php?mod=view"
        },
        {
            "search": "body",
            "text": "Powered by <strong><a href=\"http://www.discuz.net"
        }
    ],
    "condition": "0 or 1 or (2 and 3) or 4"
}